{
    "tar": {
        "1KB_RANDOM": {
            "gzip": 0.006886863708496093,
            "bzip2": 0.012353229522705077,
            "lzma": 0.018605613708496095,
            "zstd": 0.020015859603881837
        },
        "1MB_RANDOM": {
            "gzip": 0.048292350769042966,
            "bzip2": 0.206870698928833,
            "lzma": 0.28414134979248046,
            "zstd": 0.014953994750976562
        },
        "10MB_RANDOM": {
            "gzip": 0.32793078422546384,
            "bzip2": 1.7667508602142334,
            "lzma": 3.5533965110778807,
            "zstd": 0.07123236656188965
        },
        "mintext": {
            "gzip": 0.009317922592163085,
            "bzip2": 0.023505544662475585,
            "lzma": 0.038565969467163085,
            "zstd": 0.009798049926757812
        },
        "os": {
            "gzip": 0.05401763916015625,
            "bzip2": 0.2403958797454834,
            "lzma": 0.314072322845459,
            "zstd": 0.022193527221679686
        },
        "xz": {
            "gzip": 0.45859827995300295,
            "bzip2": 1.5089303493499755,
            "lzma": 3.384240674972534,
            "zstd": 0.10913348197937012
        }
    },
    "cram": {
        "1KB_RANDOM": {
            "gzip": 0.04559512138366699,
            "bzip2": 0.011700868606567383,
            "lzma": 0.008123064041137695,
            "zstd": 0.00804276466369629
        },
        "1MB_RANDOM": {
            "gzip": 0.037199211120605466,
            "bzip2": 0.171649169921875,
            "lzma": 0.25112552642822267,
            "zstd": 0.01428217887878418
        },
        "10MB_RANDOM": {
            "gzip": 0.3306746959686279,
            "bzip2": 1.845637035369873,
            "lzma": 3.537157964706421,
            "zstd": 0.06057305335998535
        },
        "mintext": {
            "gzip": 0.012026643753051758,
            "bzip2": 0.019744873046875,
            "lzma": 0.03192257881164551,
            "zstd": 0.009412860870361328
        },
        "os": {
            "gzip": 0.05535469055175781,
            "bzip2": 0.1794435501098633,
            "lzma": 0.3413726806640625,
            "zstd": 0.027945661544799806
        },
        "xz": {
            "gzip": 0.4489870071411133,
            "bzip2": 1.467339563369751,
            "lzma": 3.3288011074066164,
            "zstd": 0.13258161544799804
        }
    }
}