{
    "tar": {
        "1KB_RANDOM": {
            "gzip": 0.0017316818237304687,
            "bzip2": 0.0023143768310546877,
            "lzma": 0.004233312606811523,
            "zstd": 0.0021537303924560546
        },
        "1MB_RANDOM": {
            "gzip": 0.026863718032836915,
            "bzip2": 0.08366532325744629,
            "lzma": 0.1665872097015381,
            "zstd": 0.005173492431640625
        },
        "10MB_RANDOM": {
            "gzip": 0.24465599060058593,
            "bzip2": 0.8001162528991699,
            "lzma": 2.5273648262023927,
            "zstd": 0.020356082916259767
        },
        "mintext": {
            "gzip": 0.004151821136474609,
            "bzip2": 0.0082550048828125,
            "lzma": 0.022521162033081056,
            "zstd": 0.003047323226928711
        },
        "os": {
            "gzip": 0.036372137069702146,
            "bzip2": 0.09582996368408203,
            "lzma": 0.20650215148925782,
            "zstd": 0.008566713333129883
        },
        "xz": {
            "gzip": 0.3076477527618408,
            "bzip2": 0.8717613697052002,
            "lzma": 2.427821922302246,
            "zstd": 0.054102849960327146
        }
    },
    "cram": {
        "1KB_RANDOM": {
            "gzip": 0.0020115852355957033,
            "bzip2": 0.0019465446472167968,
            "lzma": 0.0026078224182128906,
            "zstd": 0.001761627197265625
        },
        "1MB_RANDOM": {
            "gzip": 0.1860037326812744,
            "bzip2": 0.12273206710815429,
            "lzma": 0.16238303184509278,
            "zstd": 0.005340671539306641
        },
        "10MB_RANDOM": {
            "gzip": 1.8671306133270265,
            "bzip2": 1.215404224395752,
            "lzma": 2.6065991878509522,
            "zstd": 0.03455171585083008
        },
        "mintext": {
            "gzip": 0.012688159942626953,
            "bzip2": 0.010838842391967774,
            "lzma": 0.017943572998046876,
            "zstd": 0.003857278823852539
        },
        "os": {
            "gzip": 0.2214510440826416,
            "bzip2": 0.14527878761291504,
            "lzma": 0.20064516067504884,
            "zstd": 0.017756557464599608
        },
        "xz": {
            "gzip": 1.958204698562622,
            "bzip2": 1.681670904159546,
            "lzma": 2.316251611709595,
            "zstd": 0.153729248046875
        }
    }
}